[

][
{"time": "18:20 05/09/2021", "new_case": 13137, "city_case": [{"city": "TP. Hồ Chí Minh", "case": 6226}, {"city": "Bình Dương", "case": 3540}, {"city": "Đồng Nai", "case": 1243}, {"city": "Long An", "case": 756}, {"city": "Kiên Giang", "case": 345}, {"city": "Tiền Giang", "case": 133}, {"city": "Cần Thơ", "case": 100}, {"city": "Tây Ninh", "case": 91}, {"city": "Đồng Tháp", "case": 78}, {"city": "Khánh Hòa", "case": 74}, {"city": "An Giang", "case": 73}, {"city": "Đà Nẵng", "case": 64}, {"city": "Hà Nội", "case": 53}, {"city": "Vũng Tàu", "case": 51}, {"city": "Nghệ An", "case": 48}, {"city": "Bình Thuận", "case": 47}, {"city": "Trà Vinh", "case": 33}, {"city": "Quảng Ngãi", "case": 25}, {"city": "Phú Yên", "case": 24}, {"city": "Bình Phước", "case": 22}, {"city": "Vĩnh Long", "case": 20}, {"city": "Bình Định", "case": 13}, {"city": "Cà Mau", "case": 6}, {"city": "Lâm Đồng", "case": 5}, {"city": "Bến Tre", "case": 5}, {"city": "Bắc Ninh", "case": 5}, {"city": "Quảng Trị", "case": 4}, {"city": "Thanh Hóa", "case": 4}, {"city": "Lạng Sơn", "case": 3}, {"city": "Sơn La", "case": 2}, {"city": "Bạc Liêu", "case": 2}, {"city": "Ninh Thuận", "case": 1}, {"city": "Quảng Nam", "case": 1}, {"city": "Hà Tĩnh", "case": 1}, {"city": "Bắc Giang", "case": 1}, {"city": "Quảng Ninh", "case": 1}, {"city": "Đắk Nông", "case": 1}, {"city": "TP. Hồ Chí Minh", "case": 251414}, {"city": "Bình Dương", "case": 132433}, {"city": "Đồng Nai", "case": 28549}, {"city": "Long An", "case": 25085}, {"city": "Tiền Giang", "case": 10571}]},
{"time": "18:40 04/09/2021", "new_case": 9521, "city_case": [{"city": "TP. Hồ Chí Minh", "case": 4104}, {"city": "Bình Dương", "case": 2485}, {"city": "Đồng Nai", "case": 992}, {"city": "Long An", "case": 544}, {"city": "Tiền Giang", "case": 148}, {"city": "Tây Ninh", "case": 137}, {"city": "Kiên Giang", "case": 125}, {"city": "Đồng Tháp", "case": 120}, {"city": "Quảng Bình", "case": 110}, {"city": "Bình Thuận", "case": 99}, {"city": "Cần Thơ", "case": 76}, {"city": "Đắk Lắk", "case": 73}, {"city": "Bình Phước", "case": 62}, {"city": "Hà Nội", "case": 52}, {"city": "Khánh Hòa", "case": 51}, {"city": "Đà Nẵng", "case": 47}, {"city": "Vũng Tàu", "case": 39}, {"city": "An Giang", "case": 35}, {"city": "Nghệ An", "case": 32}, {"city": "Phú Yên", "case": 29}, {"city": "Quảng Ngãi", "case": 23}, {"city": "Thừa Thiên Huế", "case": 22}, {"city": "Sóc Trăng", "case": 21}, {"city": "Bạc Liêu", "case": 15}, {"city": "Trà Vinh", "case": 14}, {"city": "Gia Lai", "case": 12}, {"city": "Sơn La", "case": 9}, {"city": "Bình Định", "case": 7}, {"city": "Vĩnh Long", "case": 7}, {"city": "Cà Mau", "case": 6}, {"city": "Lâm Đồng", "case": 5}, {"city": "Ninh Thuận", "case": 3}, {"city": "Bắc Ninh", "case": 3}, {"city": "Bến Tre", "case": 2}, {"city": "Hà Tĩnh", "case": 1}, {"city": "Thái Bình", "case": 1}, {"city": "Lạng Sơn", "case": 1}, {"city": "Đắk Nông", "case": 1}]},
{"time": "18:20 03/09/2021", "new_case": 14922, "city_case": [{"city": "TP. Hồ Chí Minh", "case": 8499}, {"city": "Bình Dương", "case": 3676}, {"city": "Đồng Nai", "case": 986}, {"city": "Long An", "case": 564}, {"city": "Tây Ninh", "case": 267}, {"city": "Tiền Giang", "case": 154}, {"city": "Kiên Giang", "case": 104}, {"city": "Đồng Tháp", "case": 82}, {"city": "Đà Nẵng", "case": 81}, {"city": "Bình Thuận", "case": 75}, {"city": "An Giang", "case": 62}, {"city": "Khánh Hòa", "case": 61}, {"city": "Hà Nội", "case": 58}, {"city": "Vũng Tàu", "case": 39}, {"city": "Nghệ An", "case": 37}, {"city": "Quảng Ngãi", "case": 24}, {"city": "Phú Yên", "case": 19}, {"city": "Bình Định", "case": 17}, {"city": "Thanh Hóa", "case": 15}, {"city": "Cần Thơ", "case": 10}, {"city": "Gia Lai", "case": 10}, {"city": "Đắk Nông", "case": 9}, {"city": "Trà Vinh", "case": 5}, {"city": "Hà Tĩnh", "case": 5}, {"city": "Bến Tre", "case": 5}, {"city": "Cà Mau", "case": 4}, {"city": "Quảng Nam", "case": 3}, {"city": "Nam Định", "case": 2}, {"city": "Bạc Liêu", "case": 2}, {"city": "Bắc Ninh", "case": 1}, {"city": "Hậu Giang", "case": 1}, {"city": "Bắc Giang", "case": 1}]},
{"time": "18:25 02/09/2021", "new_case": 13197, "city_case": [{"city": "TP. Hồ Chí Minh", "case": 5963}, {"city": "Bình Dương", "case": 4504}, {"city": "Đồng Nai", "case": 803}, {"city": "Long An", "case": 583}, {"city": "Tiền Giang", "case": 290}, {"city": "Kiên Giang", "case": 122}, {"city": "Đồng Tháp", "case": 102}, {"city": "Bình Phước", "case": 70}, {"city": "Nghệ An", "case": 66}, {"city": "Tây Ninh", "case": 62}, {"city": "Khánh Hòa", "case": 58}, {"city": "Vũng Tàu", "case": 57}, {"city": "Quảng Bình", "case": 56}, {"city": "An Giang", "case": 51}, {"city": "Thanh Hóa", "case": 50}, {"city": "Hà Nội", "case": 48}, {"city": "Đà Nẵng", "case": 42}, {"city": "Cần Thơ", "case": 42}, {"city": "Bình Thuận", "case": 34}, {"city": "Đắk Lắk", "case": 34}, {"city": "Thừa Thiên Huế", "case": 25}, {"city": "Bình Định", "case": 20}, {"city": "Quảng Ngãi", "case": 19}, {"city": "Sóc Trăng", "case": 13}, {"city": "Cà Mau", "case": 11}, {"city": "Trà Vinh", "case": 7}, {"city": "Lạng Sơn", "case": 6}, {"city": "Phú Yên", "case": 6}, {"city": "Vĩnh Long", "case": 5}, {"city": "Quảng Nam", "case": 4}, {"city": "Đắk Nông", "case": 4}, {"city": "Bắc Ninh", "case": 3}, {"city": "Bắc Giang", "case": 3}, {"city": "Ninh Thuận", "case": 2}, {"city": "Nam Định", "case": 2}, {"city": "Hậu Giang", "case": 2}, {"city": "Thái Bình", "case": 1}]},
{"time": "18:20 01/09/2021", "new_case": 11434, "city_case": [{"city": "TP. Hồ Chí Minh", "case": 5368}, {"city": "Bình Dương", "case": 3440}, {"city": "Đồng Nai", "case": 759}, {"city": "Long An", "case": 594}, {"city": "Tiền Giang", "case": 194}, {"city": "Khánh Hòa", "case": 112}, {"city": "Kiên Giang", "case": 106}, {"city": "Quảng Bình", "case": 103}, {"city": "Tây Ninh", "case": 85}, {"city": "Đồng Tháp", "case": 75}, {"city": "An Giang", "case": 70}, {"city": "Nghệ An", "case": 57}, {"city": "Đà Nẵng", "case": 55}, {"city": "Bình Thuận", "case": 53}, {"city": "Hà Nội", "case": 51}, {"city": "Cần Thơ", "case": 42}, {"city": "Vũng Tàu", "case": 29}, {"city": "Phú Yên", "case": 23}, {"city": "Sóc Trăng", "case": 20}, {"city": "Đắk Lắk", "case": 20}, {"city": "Quảng Trị", "case": 20}, {"city": "Trà Vinh", "case": 18}, {"city": "Quảng Ngãi", "case": 18}, {"city": "Thừa Thiên Huế", "case": 17}, {"city": "Bến Tre", "case": 17}, {"city": "Bình Định", "case": 15}, {"city": "Sơn La", "case": 12}, {"city": "Nam Định", "case": 10}, {"city": "Vĩnh Long", "case": 7}, {"city": "Cà Mau", "case": 6}, {"city": "Ninh Thuận", "case": 6}, {"city": "Hậu Giang", "case": 5}, {"city": "Gia Lai", "case": 4}, {"city": "Lạng Sơn", "case": 4}, {"city": "Bạc Liêu", "case": 4}, {"city": "Quảng Nam", "case": 3}, {"city": "Bắc Ninh", "case": 3}, {"city": "Đắk Nông", "case": 3}, {"city": "Hà Tĩnh", "case": 1}]},
{"time": "19:05 31/08/2021", "new_case": 12607, "city_case": [{"city": "TP. Hồ Chí Minh", "case": 5444}, {"city": "Bình Dương", "case": 4530}, {"city": "Đồng Nai", "case": 634}, {"city": "Long An", "case": 587}, {"city": "Tiền Giang", "case": 214}, {"city": "Đồng Tháp", "case": 138}, {"city": "Đà Nẵng", "case": 123}, {"city": "Tây Ninh", "case": 118}, {"city": "Kiên Giang", "case": 99}, {"city": "Nghệ An", "case": 81}, {"city": "Hà Nội", "case": 77}, {"city": "Khánh Hòa", "case": 66}, {"city": "Vũng Tàu", "case": 64}, {"city": "Bình Thuận", "case": 59}, {"city": "Cần Thơ", "case": 53}, {"city": "Quảng Bình", "case": 47}, {"city": "Quảng Ngãi", "case": 40}, {"city": "Thừa Thiên Huế", "case": 25}, {"city": "Phú Yên", "case": 23}, {"city": "Bình Phước", "case": 22}, {"city": "An Giang", "case": 17}, {"city": "Đắk Lắk", "case": 17}, {"city": "Trà Vinh", "case": 14}, {"city": "Bến Tre", "case": 13}, {"city": "Hậu Giang", "case": 11}, {"city": "Vĩnh Long", "case": 7}, {"city": "Phú Thọ", "case": 6}, {"city": "Ninh Thuận", "case": 6}, {"city": "Sơn La", "case": 6}, {"city": "Bạc Liêu", "case": 5}, {"city": "Lạng Sơn", "case": 5}, {"city": "Lâm Đồng", "case": 4}, {"city": "Đắk Nông", "case": 4}, {"city": "Quảng Nam", "case": 3}, {"city": "Quảng Trị", "case": 3}, {"city": "Gia Lai", "case": 3}, {"city": "Kon Tum", "case": 2}, {"city": "Hà Tĩnh", "case": 2}, {"city": "Ninh Bình", "case": 2}, {"city": "Bắc Ninh", "case": 1}]},
{"time": "18:30 30/08/2021", "new_case": 14224, "city_case": [{"city": "Bình Dương", "case": 6050}, {"city": "TP. Hồ Chí Minh", "case": 5889}, {"city": "Long An", "case": 524}, {"city": "Đồng Nai", "case": 491}, {"city": "Tiền Giang", "case": 221}, {"city": "Khánh Hòa", "case": 126}, {"city": "Hà Nội", "case": 110}, {"city": "An Giang", "case": 90}, {"city": "Kiên Giang", "case": 73}, {"city": "Nghệ An", "case": 68}, {"city": "Tây Ninh", "case": 56}, {"city": "Đà Nẵng", "case": 54}, {"city": "Bình Thuận", "case": 46}, {"city": "Thừa Thiên Huế", "case": 40}, {"city": "Đồng Tháp", "case": 37}, {"city": "Cần Thơ", "case": 36}, {"city": "Trà Vinh", "case": 36}, {"city": "Vũng Tàu", "case": 33}, {"city": "Quảng Bình", "case": 30}, {"city": "Quảng Ngãi", "case": 30}, {"city": "Đắk Lắk", "case": 24}, {"city": "Bình Định", "case": 20}, {"city": "Sóc Trăng", "case": 19}, {"city": "Thanh Hóa", "case": 18}, {"city": "Bình Phước", "case": 15}, {"city": "Phú Yên", "case": 14}, {"city": "Bến Tre", "case": 11}, {"city": "Quảng Nam", "case": 10}, {"city": "Vĩnh Long", "case": 7}, {"city": "Ninh Thuận", "case": 7}, {"city": "Quảng Trị", "case": 6}, {"city": "Đắk Nông", "case": 5}, {"city": "Hà Tĩnh", "case": 4}, {"city": "Hậu Giang", "case": 4}, {"city": "Lâm Đồng", "case": 3}, {"city": "Bạc Liêu", "case": 3}, {"city": "Sơn La", "case": 2}, {"city": "Kon Tum", "case": 2}, {"city": "Hưng Yên", "case": 2}, {"city": "Bắc Ninh", "case": 2}, {"city": "Cà Mau", "case": 1}]},
{"time": "18:30 29/08/2021", "new_case": 12663, "city_case": [{"city": "Bình Dương", "case": 5414}, {"city": "TP. Hồ Chí Minh", "case": 4957}, {"city": "Long An", "case": 533}, {"city": "Đồng Nai", "case": 377}, {"city": "Tây Ninh", "case": 234}, {"city": "Tiền Giang", "case": 155}, {"city": "Đà Nẵng", "case": 106}, {"city": "An Giang", "case": 103}, {"city": "Đồng Tháp", "case": 93}, {"city": "Khánh Hòa", "case": 92}, {"city": "Bình Thuận", "case": 78}, {"city": "Quảng Bình", "case": 58}, {"city": "Vũng Tàu", "case": 55}, {"city": "Đắk Lắk", "case": 52}, {"city": "Nghệ An", "case": 50}, {"city": "Cần Thơ", "case": 37}, {"city": "Kiên Giang", "case": 29}, {"city": "Bến Tre", "case": 22}, {"city": "Phú Yên", "case": 21}, {"city": "Trà Vinh", "case": 20}, {"city": "Bình Phước", "case": 18}, {"city": "Quảng Ngãi", "case": 14}, {"city": "Bình Định", "case": 13}, {"city": "Bạc Liêu", "case": 12}, {"city": "Sơn La", "case": 11}, {"city": "Hậu Giang", "case": 11}, {"city": "Thanh Hóa", "case": 11}, {"city": "Thừa Thiên Huế", "case": 7}, {"city": "Ninh Thuận", "case": 6}, {"city": "Lâm Đồng", "case": 6}, {"city": "Cà Mau", "case": 5}, {"city": "Vĩnh Long", "case": 5}, {"city": "Gia Lai", "case": 3}, {"city": "Quảng Nam", "case": 3}, {"city": "Đắk Nông", "case": 2}, {"city": "Hà Tĩnh", "case": 2}, {"city": "Ninh Bình", "case": 2}, {"city": "Lào Cai", "case": 2}]},
{"time": "18:40 28/08/2021", "new_case": 12103, "city_case": [{"city": "TP. Hồ Chí Minh", "case": 5481}, {"city": "Bình Dương", "case": 4049}, {"city": "Đồng Nai", "case": 797}, {"city": "Long An", "case": 451}, {"city": "Tiền Giang", "case": 241}, {"city": "Đồng Tháp", "case": 143}, {"city": "Đà Nẵng", "case": 109}, {"city": "Khánh Hòa", "case": 92}, {"city": "Quảng Bình", "case": 90}, {"city": "Kiên Giang", "case": 77}, {"city": "Nghệ An", "case": 70}, {"city": "Hà Nội", "case": 61}, {"city": "Đắk Lắk", "case": 60}, {"city": "Bình Thuận", "case": 49}, {"city": "Cần Thơ", "case": 37}, {"city": "Vũng Tàu", "case": 35}, {"city": "Bến Tre", "case": 25}, {"city": "Thừa Thiên Huế", "case": 24}, {"city": "Thanh Hóa", "case": 22}, {"city": "An Giang", "case": 20}, {"city": "Phú Yên", "case": 16}, {"city": "Sóc Trăng", "case": 16}, {"city": "Quảng Ngãi", "case": 15}, {"city": "Bạc Liêu", "case": 13}, {"city": "Quảng Nam", "case": 13}, {"city": "Trà Vinh", "case": 13}, {"city": "Bình Phước", "case": 13}, {"city": "Hậu Giang", "case": 11}, {"city": "Bình Định", "case": 11}, {"city": "Vĩnh Long", "case": 6}, {"city": "Ninh Thuận", "case": 6}, {"city": "Hà Tĩnh", "case": 6}, {"city": "Cà Mau", "case": 5}, {"city": "Lâm Đồng", "case": 4}, {"city": "Lạng Sơn", "case": 3}, {"city": "Gia Lai", "case": 2}, {"city": "Bắc Ninh", "case": 2}, {"city": "Bắc Giang", "case": 1}, {"city": "TP. Hồ Chí Minh", "case": 204964}, {"city": "Bình Dương", "case": 98794}, {"city": "Đồng Nai", "case": 22264}, {"city": "Long An", "case": 20400}, {"city": "Tiền Giang", "case": 9062}]},
{"time": "18:30 27/08/2021", "new_case": 12920, "city_case": [{"city": "TP. Hồ Chí Minh", "case": 5383}, {"city": "Bình Dương", "case": 4187}, {"city": "Đồng Nai", "case": 996}, {"city": "Long An", "case": 454}, {"city": "Tiền Giang", "case": 312}, {"city": "Đà Nẵng", "case": 202}, {"city": "Tây Ninh", "case": 132}, {"city": "Khánh Hòa", "case": 131}, {"city": "Quảng Bình", "case": 125}, {"city": "Đồng Tháp", "case": 122}, {"city": "An Giang", "case": 91}, {"city": "Bình Thuận", "case": 87}, {"city": "Hà Nội", "case": 77}, {"city": "Cần Thơ", "case": 72}, {"city": "Thừa Thiên Huế", "case": 70}, {"city": "Đắk Lắk", "case": 63}, {"city": "Vũng Tàu", "case": 59}, {"city": "Nghệ An", "case": 57}, {"city": "Bến Tre", "case": 31}, {"city": "Bình Định", "case": 29}, {"city": "Thanh Hóa", "case": 28}, {"city": "Kiên Giang", "case": 28}, {"city": "Phú Yên", "case": 21}, {"city": "Trà Vinh", "case": 19}, {"city": "Bình Phước", "case": 17}, {"city": "Hậu Giang", "case": 15}, {"city": "Vĩnh Long", "case": 14}, {"city": "Quảng Trị", "case": 13}, {"city": "Quảng Ngãi", "case": 9}, {"city": "Ninh Thuận", "case": 6}, {"city": "Hà Tĩnh", "case": 6}, {"city": "Quảng Nam", "case": 5}, {"city": "Ninh Bình", "case": 5}, {"city": "Hà Nam", "case": 4}, {"city": "Gia Lai", "case": 4}, {"city": "Sơn La", "case": 3}, {"city": "Bạc Liêu", "case": 3}, {"city": "Bắc Ninh", "case": 2}, {"city": "Bắc Giang", "case": 2}, {"city": "Hải Dương", "case": 1}]},
{"time": "06:00 19/04/2021", "new_case": 1},
{"time": "17:58 18/04/2021", "new_case": 3},
{"time": "17:52 17/04/2021", "new_case": 8, "city_case": [{"city": "Khánh Hoà", "case": 6}, {"city": "Kiên Giang", "case": 1}, {"city": "Đà Nẵng", "case": 1}]},
{"time": "06:00 17/04/2021", "new_case": 1},
{"time": "18:01 16/04/2021", "new_case": 14, "city_case": [{"city": "Khánh Hòa", "case": 6}, {"city": "Đà Nẵng", "case": 1}, {"city": "Nghệ An", "case": 2}, {"city": "TP. Hồ Chí Minh", "case": 4}, {"city": "Quảng Nam", "case": 1}]},
{"time": "18:14 15/04/2021", "new_case": 21, "city_case": [{"city": "Bến Tre", "case": 5}, {"city": "An Giang", "case": 2}, {"city": "TP. Hồ Chí Minh", "case": 5}, {"city": "Thái Nguyên", "case": 1}, {"city": "Đà Nẵng", "case": 7}, {"city": "Bắc Ninh", "case": 1}]},
{"time": "06:00 15/04/2021", "new_case": 4, "city_case": [{"city": "Kiên Giang", "case": 1}, {"city": "Khánh Hoà", "case": 3}]},
{"time": "17:55 14/04/2021", "new_case": 16, "city_case": [{"city": "Vũng Tàu", "case": 5}, {"city": "TP. Hồ Chí Minh", "case": 3}, {"city": "Hà Nội", "case": 3}, {"city": "Đà Nẵng", "case": 3}, {"city": "Quảng Nam", "case": 2}]},
{"time": "06:02 14/04/2021", "new_case": 3},
{"time": "18:00 13/04/2021", "new_case": 7},
{"time": "06:00 17/04/2021", "new_case": 1},
{"time": "18:01 16/04/2021", "new_case": 14, "city_case": [{"city": "Khánh Hòa", "case": 6}, {"city": "Đà Nẵng", "case": 1}, {"city": "Nghệ An", "case": 2}, {"city": "TP. Hồ Chí Minh", "case": 4}, {"city": "Quảng Nam", "case": 1}]},
{"time": "18:14 15/04/2021", "new_case": 21, "city_case": [{"city": "Bến Tre", "case": 5}, {"city": "An Giang", "case": 2}, {"city": "TP. Hồ Chí Minh", "case": 5}, {"city": "Thái Nguyên", "case": 1}, {"city": "Đà Nẵng", "case": 7}, {"city": "Bắc Ninh", "case": 1}]},
{"time": "06:00 15/04/2021", "new_case": 4, "city_case": [{"city": "Kiên Giang", "case": 1}, {"city": "Khánh Hoà", "case": 3}]},
{"time": "17:55 14/04/2021", "new_case": 16, "city_case": [{"city": "Vũng Tàu", "case": 5}, {"city": "TP. Hồ Chí Minh", "case": 3}, {"city": "Hà Nội", "case": 3}, {"city": "Đà Nẵng", "case": 3}, {"city": "Quảng Nam", "case": 2}]},
{"time": "06:02 14/04/2021", "new_case": 3},
{"time": "18:00 13/04/2021", "new_case": 7},
{"time": "17:53 13/04/2021", "new_case": 7, "city_case": [{"city": "Bến Tre", "case": 1}, {"city": "Kiên Giang", "case": 1}, {"city": "Đà Nẵng", "case": 5}]},
{"time": "06:01 13/04/2021", "new_case": 2},
{"time": "17:54 12/04/2021", "new_case": 9, "city_case": [{"city": "Hà Nội", "case": 4}, {"city": "HCM", "case": 2}, {"city": "Bắc Ninh", "case": 1}, {"city": "Kiên Giang", "case": 1}, {"city": "Đà Nẵng", "case": 1}]},
{"time": "06:02 14/04/2021", "new_case": 3},
{"time": "18:00 13/04/2021", "new_case": 7},
{"time": "17:53 13/04/2021", "new_case": 7, "city_case": [{"city": "Bến Tre", "case": 1}, {"city": "Kiên Giang", "case": 1}, {"city": "Đà Nẵng", "case": 5}]},
{"time": "06:01 13/04/2021", "new_case": 2},
{"time": "17:54 12/04/2021", "new_case": 9, "city_case": [{"city": "Hà Nội", "case": 4}, {"city": "HCM", "case": 2}, {"city": "Bắc Ninh", "case": 1}, {"city": "Kiên Giang", "case": 1}, {"city": "Đà Nẵng", "case": 1}]},
{"time": "06:01 12/04/2021", "new_case": 3, "city_case": [{"city": "Hà Nội", "case": 2}, {"city": "Thái Nguyên", "case": 1}]},
{"time": "17:53 11/04/2021", "new_case": 1},
{"time": "18:00 10/04/2021", "new_case": 9},
{"time": "18:00 09/04/2021", "new_case": 14, "city_case": [{"city": "Đồng Tháp", "case": 1}, {"city": "Kiên Giang", "case": 4}, {"city": "TP. Hồ Chí Minh", "case": 1}, {"city": "Đà Nẵng", "case": 6}, {"city": "Bắc Ninh", "case": 2}]},
{"time": "06:53 09/04/2021", "new_case": 1},
{"time": "18:14 15/04/2021", "new_case": 21, "city_case": [{"city": "Bến Tre", "case": 5}, {"city": "An Giang", "case": 2}, {"city": "TP. Hồ Chí Minh", "case": 5}, {"city": "Thái Nguyên", "case": 1}, {"city": "Đà Nẵng", "case": 7}, {"city": "Bắc Ninh", "case": 1}]},
{"time": "06:00 15/04/2021", "new_case": 4, "city_case": [{"city": "Kiên Giang", "case": 1}, {"city": "Khánh Hoà", "case": 3}]},
{"time": "17:55 14/04/2021", "new_case": 16, "city_case": [{"city": "Vũng Tàu", "case": 5}, {"city": "TP. Hồ Chí Minh", "case": 3}, {"city": "Hà Nội", "case": 3}, {"city": "Đà Nẵng", "case": 3}, {"city": "Quảng Nam", "case": 2}]},
{"time": "06:02 14/04/2021", "new_case": 3},
{"time": "18:00 13/04/2021", "new_case": 7},
{"time": "17:53 13/04/2021", "new_case": 7, "city_case": [{"city": "Bến Tre", "case": 1}, {"city": "Kiên Giang", "case": 1}, {"city": "Đà Nẵng", "case": 5}]},
{"time": "06:01 13/04/2021", "new_case": 2},
{"time": "17:54 12/04/2021", "new_case": 9, "city_case": [{"city": "Hà Nội", "case": 4}, {"city": "HCM", "case": 2}, {"city": "Bắc Ninh", "case": 1}, {"city": "Kiên Giang", "case": 1}, {"city": "Đà Nẵng", "case": 1}]},
{"time": "06:01 12/04/2021", "new_case": 3, "city_case": [{"city": "Hà Nội", "case": 2}, {"city": "Thái Nguyên", "case": 1}]},
{"time": "17:53 11/04/2021", "new_case": 1},
{"time": "18:00 13/04/2021", "new_case": 7},
{"time": "17:53 13/04/2021", "new_case": 7, "city_case": [{"city": "Bến Tre", "case": 1}, {"city": "Kiên Giang", "case": 1}, {"city": "Đà Nẵng", "case": 5}]},
{"time": "06:01 13/04/2021", "new_case": 2},
{"time": "17:54 12/04/2021", "new_case": 9, "city_case": [{"city": "Hà Nội", "case": 4}, {"city": "HCM", "case": 2}, {"city": "Bắc Ninh", "case": 1}, {"city": "Kiên Giang", "case": 1}, {"city": "Đà Nẵng", "case": 1}]},
{"time": "06:01 12/04/2021", "new_case": 3, "city_case": [{"city": "Hà Nội", "case": 2}, {"city": "Thái Nguyên", "case": 1}]},
{"time": "17:53 11/04/2021", "new_case": 1},
{"time": "18:00 10/04/2021", "new_case": 9},
{"time": "18:00 09/04/2021", "new_case": 14, "city_case": [{"city": "Đồng Tháp", "case": 1}, {"city": "Kiên Giang", "case": 4}, {"city": "TP. Hồ Chí Minh", "case": 1}, {"city": "Đà Nẵng", "case": 6}, {"city": "Bắc Ninh", "case": 2}]},
{"time": "06:53 09/04/2021", "new_case": 1},
{"time": "17:54 08/04/2021", "new_case": 9, "city_case": [{"city": "Hưng Yên", "case": 1}, {"city": "Quảng Nam", "case": 2}, {"city": "Đà Nẵng", "case": 2}, {"city": "Bắc Giang", "case": 1}, {"city": "TP. Hồ Chí Minh", "case": 3}]},
{"time": "18:00 09/04/2021", "new_case": 14, "city_case": [{"city": "Đồng Tháp", "case": 1}, {"city": "Kiên Giang", "case": 4}, {"city": "TP. Hồ Chí Minh", "case": 1}, {"city": "Đà Nẵng", "case": 6}, {"city": "Bắc Ninh", "case": 2}]},
{"time": "06:53 09/04/2021", "new_case": 1},
{"time": "17:54 08/04/2021", "new_case": 9, "city_case": [{"city": "Hưng Yên", "case": 1}, {"city": "Quảng Nam", "case": 2}, {"city": "Đà Nẵng", "case": 2}, {"city": "Bắc Giang", "case": 1}, {"city": "TP. Hồ Chí Minh", "case": 3}]},
{"time": "17:52 07/04/2021", "new_case": 11, "city_case": [{"city": "Bình Dương", "case": 2}, {"city": "Hưng Yên", "case": 2}, {"city": "Đà Nẵng", "case": 1}, {"city": "Ninh Bình", "case": 4}, {"city": "TP. Hồ Chí Minh", "case": 2}]},
{"time": "17:46 06/04/2021", "new_case": 11, "city_case": [{"city": "Long An", "case": 1}, {"city": "Cà Mau", "case": 3}, {"city": "Đà Nẵng", "case": 2}, {"city": "Tây Ninh", "case": 5}]},
{"time": "18:01 05/04/2021", "new_case": 6, "city_case": [{"city": "Bắc Giang", "case": 1}, {"city": "Đà Nẵng", "case": 2}, {"city": "Quảng Nam", "case": 2}, {"city": "TP. Hồ Chí Minh", "case": 1}]},
{"time": "18:00 04/04/2021", "new_case": 2},
{"time": "06:00 04/04/2021", "new_case": 3},
{"time": "18:00 03/04/2021", "new_case": 6, "city_case": [{"city": "Bắc Ninh", "case": 4}, {"city": "Tây Ninh", "case": 2}]},
{"time": "18:02 02/04/2021", "new_case": 3, "city_case": [{"city": "Quảng Ninh", "case": 1}, {"city": "TP. Hồ Chí Minh", "case": 1}, {"city": "Tây Ninh", "case": 1}]},
{"time": "17:41 01/04/2021", "new_case": 14, "city_case": [{"city": "Cà Mau", "case": 1}, {"city": "Kiên Giang", "case": 1}, {"city": "Bến Tre", "case": 12}]},
{"time": "18:05 31/03/2021", "new_case": 9, "city_case": [{"city": "Tây Ninh", "case": 3}, {"city": "Cà Mau", "case": 3}, {"city": "Đà Nẵng", "case": 3}]},
{"time": "17:54 29/03/2021", "new_case": 3, "city_case": [{"city": "Tây Ninh", "case": 2}, {"city": "TP. Hồ Chí Minh", "case": 1}]},
{"time": "18:00 28/03/2021", "new_case": 1},
{"time": "06:01 28/03/2021", "new_case": 4, "city_case": [{"city": "Tây Ninh", "case": 2}, {"city": "Bắc Ninh", "case": 2}]},
{"time": "06:01 28/03/2021", "new_case": 4, "city_case": [{"city": "Tây Ninh", "case": 2}, {"city": "Bắc Ninh", "case": 2}]},
{"time": "18:08 26/03/2021", "new_case": 5},
{"time": "06:36 26/03/2021", "new_case": 2},
{"time": "18:12 25/03/2021", "new_case": 3},
{"time": "18:10 23/03/2021", "new_case": 1},
{"time": "17:51 22/03/2021", "new_case": 3},
{"time": "18:02 20/03/2021", "new_case": 1},
{"time": "17:37 19/03/2021", "new_case": 1},
{"time": "17:47 18/03/2021", "new_case": 3},
{"time": "18:01 17/03/2021", "new_case": 7},
{"time": "17:59 16/03/2021", "new_case": 1},
{"time": "17:59 16/03/2021", "new_case": 1},
{"time": "06:00 16/03/2021", "new_case": 2},
{"time": "17:52 15/03/2021", "new_case": 3},
{"time": "18:10 14/03/2021", "new_case": 1},
{"time": "17:59 13/03/2021", "new_case": 3},
{"time": "18:54 12/03/2021", "new_case": 15},
{"time": "18:54 12/03/2021", "new_case": 15},
{"time": "07:02 12/03/2021", "new_case": 2},
{"time": "18:08 11/03/2021", "new_case": 4, "city_case": [{"city": "Hà Nội", "case": 1}, {"city": "Bình Dương", "case": 2}, {"city": "Ninh Thuận", "case": 1}]},
{"time": "18:08 10/03/2021", "new_case": 3},
{"time": "19:08 09/03/2021", "new_case": 2},
{"time": "18:14 08/03/2021", "new_case": 12, "city_case": [{"city": "Bình Dương", "case": 1}, {"city": "TP. Hồ Chí Minh", "case": 2}, {"city": "Ninh Thuận", "case": 7}]},
{"time": "18:03 07/03/2021", "new_case": 3},
{"time": "07:43 07/03/2021", "new_case": 2},
{"time": "07:43 07/03/2021", "new_case": 2},
{"time": "17:51 06/03/2021", "new_case": 6},
{"time": "07:02 06/03/2021", "new_case": 7},
{"time": "17:51 05/03/2021", "new_case": 6, "city_case": [{"city": "Tây Ninh", "case": 1}, {"city": "Kiên Giang", "case": 4}]},
{"time": "17:53 04/03/2021", "new_case": 6},
{"time": "17:50 03/03/2021", "new_case": 7},
{"time": "06:58 03/03/2021", "new_case": 3, "city_case": [{"city": "Bình Dương", "case": 1}, {"city": "Kiên Giang", "case": 2}]},
{"time": "07:44 02/03/2021", "new_case": 11},
{"time": "18:03 01/03/2021", "new_case": 13},
{"time": "18:17 28/02/2021", "new_case": 16},
{"time": "18:17 28/02/2021", "new_case": 16},
{"time": "18:14 27/02/2021", "new_case": 6},
{"time": "18:09 26/02/2021", "new_case": 5},
{"time": "06:00 26/02/2021", "new_case": 1},
{"time": "18:28 25/02/2021", "new_case": 8},
{"time": "18:00 24/02/2021", "new_case": 9},
{"time": "06:00 24/02/2021", "new_case": 2},
{"time": "17:55 23/02/2021", "new_case": 6, "city_case": [{"city": "Hải Dương", "case": 5}, {"city": "Quảng Ninh", "case": 1}]},
{"time": "06:00 23/02/2021", "new_case": 3},
{"time": "17:55 23/02/2021", "new_case": 6, "city_case": [{"city": "Hải Dương", "case": 5}, {"city": "Quảng Ninh", "case": 1}]},
{"time": "06:00 23/02/2021", "new_case": 3},
{"time": "18:20 22/02/2021", "new_case": 9, "city_case": [{"city": "Hải Phòng", "case": 3}, {"city": "Hải Dương", "case": 6}]},
{"time": "17:57 21/02/2021", "new_case": 15},
{"time": "19:11 20/02/2021", "new_case": 6},
{"time": "17:52 19/02/2021", "new_case": 15},
{"time": "17:57 18/02/2021", "new_case": 18},
{"time": "18:01 17/02/2021", "new_case": 18},
{"time": "18:06 16/02/2021", "new_case": 40, "city_case": [{"city": "Hải Dương", "case": 38}, {"city": "Hà Nội", "case": 1}, {"city": "Quảng Ninh", "case": 1}]},
{"time": "06:35 16/02/2021", "new_case": 2},
{"time": "18:22 15/02/2021", "new_case": 40, "city_case": [{"city": "Hà Nội", "case": 2}, {"city": "Hải Dương", "case": 38}]},
{"time": "05:39 15/02/2021", "new_case": 1},
{"time": "18:29 14/02/2021", "new_case": 33, "city_case": [{"city": "Hải Dương", "case": 31}, {"city": "Hà Nội", "case": 2}]},
{"time": "17:53 13/02/2021", "new_case": 53, "city_case": [{"city": "Hồ Chí Minh", "case": 2}, {"city": "Hải Dương", "case": 47}]},
{"time": "17:58 12/02/2021", "new_case": 2},
{"time": "18:24 11/02/2021", "new_case": 31, "city_case": [{"city": "Hà Nội", "case": 1}, {"city": "Quảng Ninh", "case": 2}, {"city": "Hải Dương", "case": 27}, {"city": "Gia Lai", "case": 1}]},
{"time": "06:20 11/02/2021", "new_case": 18, "city_case": [{"city": "Quảng Ninh", "case": 3}, {"city": "Hải Dương", "case": 15}]},
{"time": "18:05 10/02/2021", "new_case": 21, "city_case": [{"city": "Hồ Chí Minh", "case": 1}, {"city": "Quảng Ninh", "case": 1}, {"city": "Gia Lai", "case": 4}, {"city": "Hải Dương", "case": 14}]},
{"time": "06:41 10/02/2021", "new_case": 1},
{"time": "17:46 09/02/2021", "new_case": 16},
{"time": "06:41 10/02/2021", "new_case": 1},
{"time": "17:46 09/02/2021", "new_case": 16},
{"time": "07:07 09/02/2021", "new_case": 3},
{"time": "18:20 08/02/2021", "new_case": 45, "city_case": [{"city": "Quảng Ninh", "case": 3}, {"city": "Hà Nội", "case": 3}, {"city": "Gia Lai", "case": 2}, {"city": "Hồ Chí Minh", "case": 25}, {"city": "Hải Dương", "case": 12}]},
{"time": "06:19 08/02/2021", "new_case": 4},
{"time": "18:08 07/02/2021", "new_case": 16},
{"time": "06:00 07/02/2021", "new_case": 4},
{"time": "18:09 06/02/2021", "new_case": 5, "city_case": [{"city": "Bắc Ninh", "case": 1}, {"city": "Hồ Chí Minh", "case": 1}, {"city": "Bình Dương", "case": 1}, {"city": "Quảng Ninh", "case": 1}]},
{"time": "18:24 05/02/2021", "new_case": 19},
{"time": "17:51 04/02/2021", "new_case": 9},
{"time": "17:51 04/02/2021", "new_case": 9},
{"time": "06:00 04/02/2021", "new_case": 37},
{"time": "17:56 03/02/2021", "new_case": 20},
{"time": "06:11 03/02/2021", "new_case": 9},
{"time": "18:37 02/02/2021", "new_case": 31},
{"time": "06:15 02/02/2021", "new_case": 1},
{"time": "18:22 01/02/2021", "new_case": 31},
{"time": "05:49 01/02/2021", "new_case": 2},
{"time": "18:28 31/01/2021", "new_case": 36},
{"time": "06:00 31/01/2021", "new_case": 14},
{"time": "18:27 30/01/2021", "new_case": 28},
{"time": "06:35 30/01/2021", "new_case": 34},
{"time": "18:05 29/01/2021", "new_case": 54},
{"time": "06:16 29/01/2021", "new_case": 9, "city_case": [{"city": "Hải Dương", "case": 67}, {"city": "Quảng Ninh", "case": 9}]},
{"time": "18:03 28/01/2021", "new_case": 91},
{"time": "06:40 28/01/2021", "new_case": 2},
{"time": "17:59 26/01/2021", "new_case": 2},
{"time": "17:59 25/01/2021", "new_case": 1},
{"time": "18:13 22/01/2021", "new_case": 2},
{"time": "18:13 22/01/2021", "new_case": 2},
{"time": "18:04 21/01/2021", "new_case": 2},
{"time": "17:51 20/01/2021", "new_case": 4},
{"time": "17:50 18/01/2021", "new_case": 2},
{"time": "17:54 16/01/2021", "new_case": 1},
{"time": "18:00 15/01/2021", "new_case": 5},
{"time": "17:49 14/01/2021", "new_case": 10},
{"time": "18:08 13/01/2021", "new_case": 1},
{"time": "17:48 12/01/2021", "new_case": 5},
{"time": "17:48 12/01/2021", "new_case": 5},
{"time": "17:48 11/01/2021", "new_case": 1},
{"time": "17:56 10/01/2021", "new_case": 1},
{"time": "17:48 09/01/2021", "new_case": 1},
{"time": "17:49 08/01/2021", "new_case": 3, "city_case": [{"city": "Vĩnh Long", "case": 4}, {"city": "Trà Vinh", "case": 2}]},
{"time": "18:31 07/01/2021", "new_case": 4},
{"time": "17:53 06/01/2021", "new_case": 1},
{"time": "17:52 05/01/2021", "new_case": 7},
{"time": "17:50 04/01/2021", "new_case": 3},
{"time": "18:03 03/01/2021", "new_case": 12},
{"time": "18:03 03/01/2021", "new_case": 12},
{"time": "17:48 02/01/2021", "new_case": 8},
{"time": "18:01 01/01/2021", "new_case": 9},
{"time": "17:58 31/12/2020", "new_case": 9},
{"time": "17:49 30/12/2020", "new_case": 2},
{"time": "17:58 29/12/2020", "new_case": 3},
{"time": "17:56 28/12/2020", "new_case": 10},
{"time": "18:24 27/12/2020", "new_case": 1},
{"time": "19:34 26/12/2020", "new_case": 1},
{"time": "17:56 25/12/2020", "new_case": 6},
{"time": "19:34 26/12/2020", "new_case": 1},
{"time": "17:56 25/12/2020", "new_case": 6},
{"time": "17:52 24/12/2020", "new_case": 12},
{"time": "18:18 23/12/2020", "new_case": 1},
{"time": "17:50 22/12/2020", "new_case": 6},
{"time": "18:13 21/12/2020", "new_case": 1},
{"time": "18:23 20/12/2020", "new_case": 2},
{"time": "18:13 19/12/2020", "new_case": 1},
{"time": "17:48 18/12/2020", "new_case": 3},
{"time": "18:10 17/12/2020", "new_case": 2},
{"time": "18:10 17/12/2020", "new_case": 2},
{"time": "18:07 15/12/2020", "new_case": 3},
{"time": "18:00 14/12/2020", "new_case": 5},
{"time": "18:13 13/12/2020", "new_case": 2},
{"time": "17:51 12/12/2020", "new_case": 4},
{"time": "17:53 11/12/2020", "new_case": 6},
{"time": "17:49 10/12/2020", "new_case": 4},
{"time": "17:48 09/12/2020", "new_case": 4},
{"time": "17:49 08/12/2020", "new_case": 10},
{"time": "17:55 07/12/2020", "new_case": 1},
{"time": "17:49 08/12/2020", "new_case": 10},
{"time": "17:55 07/12/2020", "new_case": 1},
{"time": "18:06 06/12/2020", "new_case": 1},
{"time": "18:03 05/12/2020", "new_case": 4},
{"time": "17:59 03/12/2020", "new_case": 3},
{"time": "17:56 02/12/2020", "new_case": 7},
{"time": "18:09 01/12/2020", "new_case": 4},
{"time": "18:05 30/11/2020", "new_case": 3},
{"time": "18:01 29/11/2020", "new_case": 2},
{"time": "18:07 28/11/2020", "new_case": 2},
{"time": "18:07 28/11/2020", "new_case": 2},
{"time": "17:56 27/11/2020", "new_case": 8},
{"time": "17:53 26/11/2020", "new_case": 10, "city_case": [{"city": "TP. Hồ Chí Minh", "case": 3}, {"city": "Vũng Tàu", "case": 1}]},
{"time": "17:56 25/11/2020", "new_case": 5},
{"time": "18:48 24/11/2020", "new_case": 4},
{"time": "18:08 23/11/2020", "new_case": 5},
{"time": "18:21 22/11/2020", "new_case": 1},
{"time": "18:36 21/11/2020", "new_case": 1},
{"time": "18:00 19/11/2020", "new_case": 4},
{"time": "17:57 18/11/2020", "new_case": 12},
{"time": "18:00 19/11/2020", "new_case": 4},
{"time": "17:57 18/11/2020", "new_case": 12},
{"time": "17:55 17/11/2020", "new_case": 5},
{"time": "17:53 16/11/2020", "new_case": 2},
{"time": "18:00 15/11/2020", "new_case": 16},
{"time": "07:21 15/11/2020", "new_case": 9},
{"time": "17:55 13/11/2020", "new_case": 3},
{"time": "18:09 12/11/2020", "new_case": 1},
{"time": "17:58 11/11/2020", "new_case": 26},
{"time": "17:55 10/11/2020", "new_case": 10},
{"time": "17:55 10/11/2020", "new_case": 10},
{"time": "17:55 09/11/2020", "new_case": 2},
{"time": "17:53 06/11/2020", "new_case": 2},
{"time": "06:00 06/11/2020", "new_case": 3},
{"time": "07:46 05/11/2020", "new_case": 1},
{"time": "18:02 04/11/2020", "new_case": 3},
{"time": "06:00 04/11/2020", "new_case": 1},
{"time": "18:33 03/11/2020", "new_case": 10},
{"time": "18:05 02/11/2020", "new_case": 12},
{"time": "18:10 31/10/2020", "new_case": 3},
{"time": "18:10 31/10/2020", "new_case": 3},
{"time": "17:55 29/10/2020", "new_case": 4},
{"time": "18:15 28/10/2020", "new_case": 1, "city_case": [{"city": "Bắc Giang", "case": 11}, {"city": "Bắc Ninh", "case": 2}]},
{"time": "17:57 27/10/2020", "new_case": 3},
{"time": "17:58 26/10/2020", "new_case": 1},
{"time": "17:52 25/10/2020", "new_case": 8},
{"time": "17:53 24/10/2020", "new_case": 12},
{"time": "18:08 22/10/2020", "new_case": 3},
{"time": "06:00 22/10/2020", "new_case": 1},
{"time": "17:57 21/10/2020", "new_case": 3},
{"time": "06:00 22/10/2020", "new_case": 1},
{"time": "17:57 21/10/2020", "new_case": 3},
{"time": "18:00 20/10/2020", "new_case": 1},
{"time": "17:56 19/10/2020", "new_case": 6},
{"time": "18:02 18/10/2020", "new_case": 8},
{"time": "17:58 17/10/2020", "new_case": 2},
{"time": "17:56 15/10/2020", "new_case": 2},
{"time": "18:18 14/10/2020", "new_case": 9},
{"time": "18:00 13/10/2020", "new_case": 3},
{"time": "17:59 12/10/2020", "new_case": 1, "city_case": [{"city": "Đồng Tháp", "case": 5}, {"city": "Đồng Nai", "case": 1}]},
{"time": "17:56 19/10/2020", "new_case": 6},
{"time": "18:02 18/10/2020", "new_case": 8},
{"time": "17:58 17/10/2020", "new_case": 2},
{"time": "17:56 15/10/2020", "new_case": 2},
{"time": "18:18 14/10/2020", "new_case": 9},
{"time": "18:00 13/10/2020", "new_case": 3},
{"time": "17:59 12/10/2020", "new_case": 1, "city_case": [{"city": "Đồng Tháp", "case": 5}, {"city": "Đồng Nai", "case": 1}]},
{"time": "18:00 11/10/2020", "new_case": 2},
{"time": "17:56 10/10/2020", "new_case": 2},
{"time": "18:28 09/10/2020", "new_case": 5},
{"time": "17:56 10/10/2020", "new_case": 2},
{"time": "18:28 09/10/2020", "new_case": 5},
{"time": "17:51 08/10/2020", "new_case": 1},
{"time": "17:56 07/10/2020", "new_case": 1},
{"time": "18:00 06/10/2020", "new_case": 1},
{"time": "18:00 05/10/2020", "new_case": 1},
{"time": "18:02 02/10/2020", "new_case": 1},
{"time": "06:00 01/10/2020", "new_case": 1},
{"time": "18:00 29/09/2020", "new_case": 17},
{"time": "17:59 28/09/2020", "new_case": 3},
{"time": "18:00 27/09/2020", "new_case": 5},
{"time": "17:54 23/09/2020", "new_case": 1},
{"time": "18:02 18/09/2020", "new_case": 2},
{"time": "18:09 17/09/2020", "new_case": 3},
{"time": "18:01 11/09/2020", "new_case": 1},
{"time": "17:51 09/09/2020", "new_case": 5},
{"time": "18:06 08/09/2020", "new_case": 5},
{"time": "18:18 04/09/2020", "new_case": 3},
{"time": "18:00 02/09/2020", "new_case": 2},
{"time": "18:10 31/08/2020", "new_case": 4},
{"time": "18:05 29/08/2020", "new_case": 2},
{"time": "17:57 28/08/2020", "new_case": 2},
{"time": "18:00 27/08/2020", "new_case": 2},
{"time": "17:58 26/08/2020", "new_case": 5},
{"time": "18:00 25/08/2020", "new_case": 7},
{"time": "18:08 24/08/2020", "new_case": 6},
{"time": "17:57 23/08/2020", "new_case": 2},
{"time": "17:57 23/08/2020", "new_case": 2},
{"time": "18:00 22/08/2020", "new_case": 5},
{"time": "18:00 21/08/2020", "new_case": 2},
{"time": "06:00 20/08/2020", "new_case": 1},
{"time": "17:58 19/08/2020", "new_case": 4},
{"time": "17:58 19/08/2020", "new_case": 4},
{"time": "18:20 18/08/2020", "new_case": 6},
{"time": "06:00 18/08/2020", "new_case": 7},
{"time": "18:02 17/08/2020", "new_case": 12},
{"time": "06:00 17/08/2020", "new_case": 2},
{"time": "18:00 16/08/2020", "new_case": 11},
{"time": "06:00 16/08/2020", "new_case": 1},
{"time": "17:55 15/08/2020", "new_case": 20},
{"time": "06:00 15/08/2020", "new_case": 1},
{"time": "18:05 14/08/2020", "new_case": 18},
{"time": "06:00 14/08/2020", "new_case": 6},
{"time": "18:00 13/08/2020", "new_case": 22},
{"time": "06:00 13/08/2020", "new_case": 3},
{"time": "18:00 12/08/2020", "new_case": 14},
{"time": "06:00 12/08/2020", "new_case": 3},
{"time": "18:01 11/08/2020", "new_case": 16},
{"time": "18:00 10/08/2020", "new_case": 6},
{"time": "18:00 10/08/2020", "new_case": 6},
{"time": "17:52 09/08/2020", "new_case": 29},
{"time": "06:00 09/08/2020", "new_case": 2},
{"time": "18:07 08/08/2020", "new_case": 21},
{"time": "06:00 08/08/2020", "new_case": 5},
{"time": "18:24 07/08/2020", "new_case": 34},
{"time": "06:00 07/08/2020", "new_case": 3},
{"time": "18:12 06/08/2020", "new_case": 30}
]